,기업명,ESG등급,환경,사회,지배구조
0,두산,A+,A+,A+,A
1,케이티,A+,A,A,A+
2,BNK금융지주,A+,B+,A+,A+
3,SK,A+,A,A+,A+
4,SK네트웍스,A+,B+,A+,A+
5,효성첨단소재,A+,A+,A+,A
6,DGB금융지주,A+,A,A+,A+
7,S-OIL,A+,A,A+,A+
8,포스코인터내셔널,A+,A,A+,A+
9,JB금융지주,A+,A,A,A+
10,SK텔레콤,A+,A+,A,A+
11,신한지주,A+,A+,A,A+
12,효성화학,A+,A+,A+,A
13,풀무원,A+,A,A+,A+
14,KB금융,A+,A+,A+,A+
15,효성티앤씨,A+,A+,A+,A
16,CJ대한통운,A,A,B+,A
17,한화,A,B+,A,A
18,롯데푸드,A,B+,A+,B+
19,롯데정밀화학,A,A,A+,A
20,현대자동차,A,A,A+,A
21,GS건설,A,A,B+,A
22,삼성전기,A,A,A+,A
23,현대미포조선,A,A,A+,A
24,금호석유화학,A,B+,A,A
25,현대엘리베이터,A,B+,A,A
26,롯데쇼핑,A,A,A+,A
27,두산중공업,A,A,A+,B+
28,두산인프라코어,A,A,A+,A
29,현대백화점,A,B+,A,A
30,LIG넥스원,A,B+,A,A
31,아모레퍼시픽,A,A,A+,A
32,이마트,A,A,A+,A
33,현대중공업지주,A,B+,A,A
34,롯데정보통신,A,B+,A,A
35,기아자동차,A,A,A+,B+
36,CJ,A,B,A,A
37,아모레퍼시픽그룹,A,A,A+,A
38,한솔홀딩스,A,B+,A,A
39,현대그린푸드,A,B+,A,A
40,삼성SDI,A,A,A,A
41,한화솔루션,A,A,A,B+
42,LG이노텍,A,A,A+,B+
43,SKC,A,B+,A+,A
44,삼성에스디에스,A,B+,A+,A
45,삼성엔지니어링,A,A,A+,A
46,LG디스플레이,A,B+,A+,B+
47,한국항공우주,A,A,A+,A
48,지역난방공사,A,B+,A+,B+
49,HSD엔진,A,B+,A,A
50,SK이노베이션,A,A,A+,A
51,해성디에스,A,A,A,A
52,현대일렉트릭,A,A,A+,A
53,효성중공업,A,A,A+,A
54,SK하이닉스,A,A,A+,A
55,LG상사,A,A,A+,A
56,대한항공,A,A,A+,B+
57,신세계,A,B+,A,A
58,포스코,A,A,B+,A+
59,미래에셋대우,A,B+,A+,B+
60,OCI,A,A,A+,A
61,롯데케미칼,A,B+,A,A
62,현대모비스,A,B+,A+,A
63,SK가스,A,B+,A+,A
64,삼성물산,A,A+,A,B+
65,강원랜드,A,B,A,A
66,LG생활건강,A,A,A+,A
67,롯데하이마트,A,B+,A+,A
68,현대글로비스,A,A,A+,A
69,CJ제일제당,A,A,A+,A
70,만도,A,A,A+,A
71,현대건설기계,A,B+,A,A
72,현대건설,A,A+,A,A
73,현대해상,A,B+,A,A
74,LG,A,B+,A+,B+
75,효성,A,A,A+,B+
76,삼성전자,A,A,A+,B+
77,대덕전자,A,B+,A,A
78,엘에스일렉트릭,A,B+,A+,B+
79,HMM,A,A,A+,A
80,한화에어로스페이스,A,A,A,A
81,한섬,A,B+,A,A
82,신세계인터내셔날,A,B,A,A
83,NAVER,A,B+,A,A+
84,현대홈쇼핑,A,A,A,A
85,CJCGV,A,B,A,A
86,하나금융지주,A,A,A,A
87,LG하우시스,A,A,A+,A
88,한솔제지,A,A,A,A
89,롯데제과,A,A,A+,B+
90,삼성화재,A,A+,A+,A
91,현대차증권,A,B,A+,A
92,포스코케미칼,A,A,A+,B+
93,빙그레,A,B+,A+,A
94,SK디스커버리,A,B,A,A
95,호텔신라,A,A,A,A
96,한솔피엔에스,A,B+,B+,A
97,현대위아,A,A,A+,A
98,한국전력공사,A,B+,A,A
99,코웨이,A,A,A+,B+
100,케이티앤지,A,B+,A+,A
101,한국가스공사,A,B+,A+,B+
102,포스코강판,A,B+,A+,B+
103,현대리바트,A,B,A,A
104,한화생명,A,A,A+,B+
105,한미약품,A,B+,A+,B+
106,일동제약,A,B+,A+,B+
107,BGF리테일,A,B+,B+,A
108,GS홈쇼핑,A,B+,A,A
109,에버다임,A,B+,B+,A
110,CJ프레시웨이,A,B,A+,A
111,삼양홀딩스,B+,B,B+,B+
112,삼화페인트공업,B+,B,B+,B+
113,동국제강,B+,B+,A,B
114,케이씨씨,B+,B+,A,B
115,한화투자증권,B+,B,A,B+
116,농심,B+,B+,A,B
117,한솔테크닉스,B+,B+,B+,A
118,삼영전자공업,B+,B+,B+,B
119,LS,B+,B,B+,A
120,오뚜기,B+,B+,A,B
121,한샘,B+,B+,A+,B
122,고려아연,B+,B+,B,B+
123,한솔케미칼,B+,B,B+,B+
124,한온시스템,B+,B,B+,B+
125,BGF,B+,B,A,B+
126,삼성생명,B+,A,A,B+
127,LG헬로비전,B+,D,B+,A
128,한전KPS,B+,B+,A,B+
129,한라홀딩스,B+,B,B+,A
130,대웅제약,B+,B,A,B+
131,휴비스,B+,B+,B+,B+
132,풍산,B+,B+,A,B+
133,인터지스,B+,B,B,B+
134,삼양사,B+,B+,B+,B
135,한진칼,B+,B,B,A
136,이노션,B+,D,A,A
137,오리온,B+,B,B+,A
138,유한양행,B+,B+,B+,B+
139,롯데손해보험,B+,C,A,A
140,대한전선,B+,B,B+,B+
141,한독,B+,B+,B+,B
142,S&T중공업,B+,B+,B+,B+
143,삼익THK,B+,B,B,B+
144,롯데지주,B+,B,A,B
145,넥센,B+,B,B+,B+
146,녹십자,B+,B,A,B
147,서연,B+,C,B+,B+
148,태영건설,B+,B,B+,B+
149,삼성중공업,B+,B+,B,A
150,한라,B+,B,B+,B+
151,대교,B+,D,B+,A
152,팬오션,B+,B,B,A
153,신세계I&C,B+,B,B+,B+
154,광주신세계,B+,C,A,B+
155,한전기술,B+,B+,A,B+
156,현대로템,B+,B,A,B+
157,코아스,B+,B,B,B+
158,휠라홀딩스,B+,B,B+,B+
159,우진,B+,B,B,B+
160,한전산업,B+,B,B+,B+
161,한국타이어앤테크놀로지,B+,A,A+,B
162,아세아시멘트,B+,B+,B+,B
163,JW생명과학,B+,B+,B+,B+
164,진에어,B+,C,B+,A
165,대림산업,B+,A,B+,B+
166,가온전선,B+,B,B+,B+
167,오리온홀딩스,B+,C,B+,A
168,선창산업,B+,B,B,B+
169,쌍용자동차,B+,B+,B,B+
170,깨끗한나라,B+,B,B+,B+
171,코스모신소재,B+,B+,B,B+
172,DB손해보험,B+,A,A,B+
173,카프로,B+,B+,B,B+
174,메리츠종금증권,B+,B,A,B+
175,경동나비엔,B+,B,B+,B+
176,HDC,B+,C,B+,B+
177,삼성증권,B+,B,A+,B
178,기업은행,B+,B+,A,B+
179,케이씨,B+,B,B,B+
180,카카오,B+,C,A+,A
181,대우조선해양,B+,B+,B,A
182,케이티스카이라이프,B+,C,B+,B+
183,S&T모티브,B+,B,B+,B+
184,농심홀딩스,B+,B,B+,B+
185,효성ITX,B+,C,B+,B+
186,GKL,B+,C,A,A
187,메리츠금융지주,B+,D,B+,A
188,한국콜마,B+,B,B+,B+
189,코스맥스,B+,B+,B+,B
190,두산밥캣,B+,D,A,A
191,SK케미칼,B+,B+,A,B+
192,일동홀딩스,B+,B,A,B+
193,동아쏘시오홀딩스,B+,C,A,A
194,도화엔지니어링,B+,B,B,B+
195,동양물산기업,B+,B,B+,B+
196,현대제철,B+,B+,A,B+
197,현대비앤지스틸,B+,B+,A,B+
198,롯데칠성음료,B+,B+,A,B+
199,NH투자증권,B+,B,A+,B+
200,한일현대시멘트,B+,B,B+,B+
201,한솔로지스틱스,B+,B,B+,A
202,한국조선해양,B+,B+,B+,A
203,에스원,B+,B,A,B+
204,우신시스템,B+,B,B,B+
205,대원화성,B+,B+,B,B+
206,제일기획,B+,D,A,B+
207,S&T홀딩스,B+,C,B+,B+
208,KSS해운,B+,B,B+,B+
209,한미글로벌,B+,B,B+,B+
210,LG전자,B+,A,A+,B
211,STX엔진,B+,B+,B+,B
212,JW홀딩스,B+,C,B+,B+
213,코오롱인더,B+,B+,B+,B+
214,엔에스쇼핑,B+,C,B+,A
215,동일고무벨트,B+,B,B+,B+
216,서연이화,B+,B,B+,B+
217,화승엔터프라이즈,B+,B+,B,A
218,우리금융지주,B+,B+,B+,B+
219,한화손해보험,B+,B,A,B
220,DB하이텍,B+,B+,A,B+
221,넥센타이어,B+,B+,B+,B
222,쌍용양회공업,B+,B,B+,B+
223,세방,B+,B,B+,B+
224,삼천리,B+,B+,A,B+
225,SPC삼립,B+,B,A,B
226,제주은행,B+,C,A,A
227,AK홀딩스,B+,C,B+,B+
228,무림페이퍼,B+,B+,B+,B+
229,무림P&P,B+,B+,B+,B+
230,화승알앤에이,B+,B+,B+,B+
231,한국카본,B+,B,B,B+
232,한솔홈데코,B+,B,B+,A
233,신세계푸드,B+,B,B+,B+
234,엔씨소프트,B+,D,B+,A
235,대우건설,B+,A,B+,B+
236,테이팩스,B+,B+,B+,B
237,셀트리온,B+,B,B,B+
238,GS,B+,C,A,A
239,S&TC,B+,B,B,B+
240,현대에이치씨엔,B+,C,A,A
241,코오롱플라스틱,B+,B,B+,B+
242,동아에스티,B+,D,B+,A
243,삼성바이오로직스,B+,B,A,B+
244,경동도시가스,B+,B,A,B+
245,하림지주,B+,C,B+,A
246,KTH,B+,C,B+,B+
247,고영,B+,B,B+,B+
248,포스코엠텍,B+,B,B+,B+
249,SK머티리얼즈,B+,B,A,B+
250,매일유업,B+,B+,B+,B+
251,포스코ICT,B+,B,A,B+
252,삼표시멘트,B+,B+,B,B+
253,한국아트라스비엑스,B+,B,B,B+
254,안랩,B+,C,B+,B+
255,CJENM,B+,C,A,A
256,에스에프에이,B+,B,B+,B+
257,동화약품,B,D,B+,B
258,한국테크놀로지그룹,B,B+,B+,B
259,천일고속,B,C,B,B+
260,JW중외제약,B,B,B+,B
261,부국증권,B,D,B,B
262,대상,B,B,B+,B
263,코오롱,B,C,B+,B
264,화성산업,B,C,B,B+
265,세아제강지주,B,C,B,B
266,삼양식품,B,B,B,B
267,대신증권,B,D,B+,B+
268,신흥,B,D,B,B
269,대림씨엔에스,B,C,B,B+
270,동일산업,B,B+,C,B+
271,크라운해태홀딩스,B,D,B+,B
272,화승인더스트리,B,B,B,B+
273,영풍제지,B,B,C,B
274,일양약품,B,D,B,B+
275,남선알미늄,B,C,B+,B
276,광동제약,B,C,B+,B+
277,모토닉,B,B,B,B
278,아이에스동서,B,B,B,B+
279,STX,B,C,B+,B
280,경동인베스트,B,C,B,B+
281,일성건설,B,B,B,B
282,대창단조,B,B,B,B
283,동부제철,B,B,B+,B
284,두올,B,C,B,B+
285,광전자,B,C,B,B+
286,신풍제약,B,D,B,B+
287,아시아나항공,B,B+,B+,C
288,한국종합기술,B,B,C,B
289,메리츠화재,B,D,B+,B+
290,대원강업,B,B,B+,B
291,LS네트웍스,B,D,B+,B
292,유진투자증권,B,C,B+,B
293,태원물산,B,B,C,B
294,신영증권,B,D,B,B+
295,한국수출포장공업,B,B,C,B
296,조흥,B,B,C,B
297,코오롱글로벌,B,C,B,B+
298,한일홀딩스,B,D,B+,B+
299,아이에이치큐,B,D,B,B+
300,태양금속공업,B,B+,B,B
301,삼화왕관,B,B,C,B
302,녹십자홀딩스,B,C,B+,B
303,대림비앤코,B,C,B,B+
304,삼아알미늄,B,B,C,B
305,신송홀딩스,B,D,B,B+
306,선도전기,B,B,C,B
307,율촌화학,B,C,B+,B+
308,참엔지니어링,B,B,B,B
309,영원무역홀딩스,B,D,B,B
310,에넥스,B,B,B+,B
311,DB,B,D,B,B
312,더존비즈온,B,C,B+,B
313,계룡건설산업,B,B,B,B+
314,부산도시가스,B,C,B+,B+
315,한세예스24홀딩스,B,C,B,B
316,퍼시스,B,B,B,B
317,E1,B,C,A,B+
318,티에이치엔,B,B,B,B
319,일진디스플,B,B,B,B
320,다우기술,B,C,B+,B
321,하이트진로,B,B,B,B
322,대동공업,B,B,B,B
323,유수홀딩스,B,C,B,B+
324,금호전기,B,B,B,B
325,세아베스틸,B,B,B,B+
326,알루코,B,B,B,B
327,고려제강,B,B+,B+,C
328,제일파마홀딩스,B,D,B,B
329,디아이,B,B,B,B
330,유안타증권,B,D,B+,B
331,방림,B,B,C,B
332,현대약품,B,B,B+,B
333,세방전지,B,B+,B,B
334,국동,B,D,C,B+
335,풍산홀딩스,B,B,B+,B
336,대구백화점,B,D,B,B+
337,GS리테일,B,C,B+,B+
338,이수페타시스,B,B+,B+,C
339,한미사이언스,B,B,B,B
340,한올바이오파마,B,D,B+,B
341,우리종금,B,D,B,B
342,CJ씨푸드,B,C,B+,B+
343,영흥철강,B,C,B,B+
344,청호컴넷,B,B,C,B
345,영보화학,B,B,B,B
346,예스코홀딩스,B,D,B+,B+
347,환인제약,B,D,B+,B+
348,웅진,B,D,B,B+
349,애경산업,B,C,B+,B+
350,세아특수강,B,B,C,B
351,서원,B,B,C,B
352,한국콜마홀딩스,B,B,B,B
353,하이트진로홀딩스,B,C,B,B
354,삼일제약,B,D,B+,B
355,강남제비스코,B,B,C,B
356,GS글로벌,B,D,B+,B+
357,BYC,B,D,B,B+
358,삼화콘덴서공업,B,B,B,B
359,아세아제지,B,C,B,B
360,신풍제지,B,B+,C,B
361,일신방직,B,B,B,B
362,한진중공업홀딩스,B,D,C,B+
363,코리안리,B,D,B,B+
364,서울식품공업,B,B,B,B
365,덕성,B,B,C,B+
366,삼진제약,B,D,B+,B
367,대한해운,B,C,B,B
368,대림통상,B,B,B,B
369,한국특수형강,B,B,B,B
370,국도화학,B,B,B,B
371,케이씨티시,B,B,B,B
372,KC그린홀딩스,B,B,B+,B
373,웰바이오텍,B,D,B,B
374,유니켐,B,B,C,B
375,계양전기,B,B,B+,B
376,경인양행,B,B,C,B
377,극동유화,B,B,C,B
378,일진홀딩스,B,C,B,B
379,DB금융투자,B,D,A,B
380,서울도시가스,B,C,B+,B
381,조일알미늄,B,B,C,B
382,하이트론씨스템즈,B,D,B,B+
383,삼원강재,B,B+,C,B
384,덕양산업,B,B,B,B
385,유유제약,B,B,C,B
386,흥국화재,B,D,A,B
387,보해양조,B,B,B,B
388,남광토건,B,B,B,B
389,SK증권,B,D,A,B
390,삼호,B,B,B+,B
391,한진,B,B,C,B+
392,한국쉘석유,B,C,B+,B
393,대원제약,B,D,B+,B+
394,영진약품,B,D,B+,B+
395,남양유업,B,C,B+,B+
396,송원산업,B,B+,B+,C
397,DRB동일,B,B,B+,B
398,파미셀,B,B,C,B
399,동원산업,B,C,B,B+
400,대한유화,B,B+,B+,C
401,디티알오토모티브,B,B,C,B
402,이건산업,B,C,B,B
403,대양금속,B,B,C,B
404,한창제지,B,B,C,B
405,평화홀딩스,B,C,B,B+
406,현대종합상사,B,D,B,B
407,영화금속,B,B,C,B
408,모나리자,B,B,B,B
409,유니드,B,B,B,B
410,태경산업,B,B,B,B
411,대성홀딩스,B,C,B+,B
412,수산중공업,B,B,B,B
413,동원금속,B,C,B,B+
414,키다리스튜디오,B,B,B,B
415,MH에탄올,B,C,B,B+
416,KPX케미칼,B,B,C,B
417,에스제이엠홀딩스,B,C,B,B
418,세하,B,B+,B,B
419,자화전자,B,B,B+,B
420,NICE,B,D,B,B+
421,YGPLUS,B,D,B,B
422,유니온머티리얼,B,B,B,B
423,다스코,B,C,B,B+
424,용평리조트,B,C,B,B
425,나노메딕스,B,B,C,B
426,동양생명,B,D,B+,B+
427,티비에이치글로벌,B,C,B,B+
428,평화산업,B,B,B,B
429,동양피스톤,B,B,B,B+
430,비상교육,B,D,B+,B
431,영원무역,B,D,B,B+
432,한국화장품,B,D,B+,B
433,코리아오토글라스,B,B,B,B
434,쿠쿠홀딩스,B,D,B,B+
435,넷마블,B,D,B+,B+
436,하나제약,B,D,B,B+
437,미래산업,B,B,C,B
438,신도리코,B,B,B+,B
439,유나이티드,B,B,B+,B
440,인천도시가스,B,C,B,B+
441,하나투어,B,D,B,B
442,동원F&B,B,B,B+,B
443,KTCS,B,D,B+,B+
444,한국금융지주,B,D,B+,B+
445,새론오토모티브,B,B,B,B
446,그린케미칼,B,B,B,B
447,미래에셋생명,B,D,B+,B
448,노루페인트,B,B,B,B
449,LF,B,D,B,B+
450,SBS미디어홀딩스,B,C,B,B
451,씨에스윈드,B,B,C,B
452,화인베스틸,B,B,C,B
453,애경유화,B,B+,C,B
454,SK디앤디,B,C,B,B+
455,크라운제과,B,D,B+,B
456,HDC현대산업개발,B,C,B,B+
457,이구산업,B,B,C,B
458,삼성카드,B,D,B+,B+
459,아주캐피탈,B,D,B+,B
460,지투알,B,D,B+,B+
461,키움증권,B,D,B+,B+
462,우진플라임,B,B,B,B
463,KTIS,B,D,B+,B+
464,하이스틸,B,B,C,B
465,세진중공업,B,D,B+,B+
466,대한제강,B,B+,B,B
467,진도,B,D,B,B
468,세원셀론텍,B,B,B,B
469,AJ네트웍스,B,D,B,B
470,해태제과식품,B,D,B+,B
471,대성에너지,B,B,B+,B
472,선진,B,D,B,B+
473,엔에이치엔,B,D,B+,B+
474,경보제약,B,B,B,B
475,아시아나IDT,B,D,B,B
476,에어부산,B,C,B+,B
477,남해화학,B,B,B,B+
478,교보증권,B,D,B+,B
479,SBS,B,C,B,B+
480,제이콘텐트리,B,D,B,B
481,상신브레이크,B,B,B,B
482,LG화학,B,C,A,B+
483,SK렌터카,B,B,C,B
484,STX중공업,B,C,B+,B+
485,유니퀘스트,B,D,C,B+
486,동양고속,B,C,B,B+
487,HDC현대EP,B,B,B+,B
488,티웨이항공,B,C,B,B
489,웅진씽크빅,B,D,B,B
490,동성코퍼레이션,B,B,B+,B
491,KC코트렐,B,B,B,B
492,핸즈코퍼레이션,B,B,B,B+
493,종근당,B,C,B+,B+
494,잇츠한불,B,C,B,B
495,케이씨텍,B,B,B,B
496,한일시멘트,B,C,B+,B
497,디피씨,B,D,B,B+
498,LG유플러스,B,B+,B+,B
499,신세계건설,B,C,B,B+
500,팜스코,B,D,B+,B+
501,코스맥스비티아이,B,B,B,B
502,세아홀딩스,B,C,B,B+
503,대호에이엘,B,B,C,B
504,금호타이어,B,B,C,B+
505,텔코웨어,B,D,B,B
506,대상홀딩스,B,C,B,B
507,제주항공,B,C,B+,B+
508,KEC,B,B+,B+,C
509,한진중공업,B,B,B,B+
510,한세실업,B,C,B,B+
511,아이마켓코리아,B,D,B,B+
512,코오롱머티리얼,B,C,B,B+
513,더블유게임즈,B,D,B+,B+
514,LS전선아시아,B,D,C,B+
515,동아타이어,B,C,B,B
516,세아제강,B,B,B+,B
517,에스엠코어,B,B,C,B
518,NICE평가정보,B,D,B,B
519,주성엔지니어링,B,B,B+,B
520,인트론바이오,B,B,C,B
521,신화인터텍,B,B,B,B
522,티씨케이,B,C,B+,B
523,웹젠,B,D,B,B+
524,휴온스글로벌,B,D,B+,B
525,파트론,B,B,B+,B
526,위메이드,B,D,B,B
527,미래테크놀로지,B,D,B,B+
528,휴온스,B,D,B+,B
529,오리콤,B,D,B+,B+
530,다우데이타,B,D,B+,B
531,이오테크닉스,B,B,B,B
532,미래컴퍼니,B,D,B,B+
533,SKC솔믹스,B,B,B,B+
534,엘앤에프,B,B,B+,B
535,이베스트투자증권,B,D,B,B
536,헬릭스미스,B,D,C,B+
537,셀트리온헬스케어,B,D,B,B+
538,테스나,B,C,B,B
539,올릭스,B,D,B,B+
540,스튜디오드래곤,B,D,B,B+
541,이테크건설,B,B,B+,B
542,파라다이스,B,D,B+,B+
543,카페24,B,D,B,B+
544,SK바이오랜드,B,C,B,B+
545,리노공업,B,C,B,B+
546,대화제약,B,D,B,B+
547,메디포스트,B,D,B+,B+
548,에코프로,B,C,B+,B+
549,테스,B,D,B+,B
550,하림,B,C,B+,B+
551,에스티팜,B,D,B+,B+
552,펄어비스,B,D,B,B
553,와이지-원,B,D,B+,B
554,JYPENT.,B,D,B,B
555,지니뮤직,B,D,B,B+
556,한국정보인증,B,D,B+,B
557,NHN한국사이버결제,B,D,B,B+
558,아프리카TV,B,D,B,B
559,컴투스,B,D,B,B+
560,테크윙,B,C,B,B+
561,제넥신,B,D,B+,B
562,사람인에이치알,B,D,B+,B
563,클리오,B,D,B,B+
564,한국캐피탈,B,D,B,B
565,영풍정밀,B,B,B,B
566,대아티아이,B,D,C,B+
567,이니텍,B,D,B,B
568,KT서브마린,B,D,B+,B+
569,멀티캠퍼스,B,D,B,B
570,모두투어,B,D,B+,B+
571,나스미디어,B,D,B,B+
572,실리콘웍스,B,C,B+,B+
573,SKC코오롱PI,B,C,B,B+
574,원익IPS,B,C,B+,B+
575,KR모터스,C,D,C,B
576,조선내화,C,B,B,C
577,유니온,C,C,B,C
578,만호제강,C,C,B,B
579,삼성제약,C,B,C,D
580,케이비아이동국실업,C,B,B,C
581,아세아,C,C,B,C
582,동성제약,C,D,B,B
583,오리엔트바이오,C,B,B,C
584,보락,C,D,C,B
585,유성기업,C,B,C,C
586,성보화학,C,D,B,B
587,유화증권,C,D,C,B
588,진양산업,C,D,C,B
589,한국석유공업,C,C,C,B
590,우리들제약,C,D,B,C
591,한신공영,C,C,B,B
592,삼광글라스,C,C,B,C
593,코스모화학,C,B,C,D
594,휴니드테크놀러지스,C,C,B,B
595,대원전선,C,C,C,C
596,미래아이앤지,C,D,C,C
597,코리아써키트,C,B+,B,C
598,문배철강,C,D,C,B
599,금비,C,C,B,C
600,삼정펄프,C,C,B,C
601,지코,C,C,C,C
602,진원생명과학,C,D,C,B
603,한신기계공업,C,B,C,C
604,까뮤이앤씨,C,D,C,B
605,백광소재,C,C,B,B
606,이스타코,C,D,C,B
607,신대양제지,C,C,C,C
608,동남합성,C,D,C,B
609,디씨엠,C,C,C,B
610,마니커,C,D,B+,C
611,경방,C,C,B,B
612,CS홀딩스,C,D,C,B
613,전방,C,C,B+,C
614,대한제분,C,C,B,C
615,삼부토건,C,C,B,B
616,종근당홀딩스,C,C,B+,C
617,남영비비안,C,D,B,B
618,SH에너지화학,C,C,C,B+
619,동일제강,C,C,C,B
620,진흥기업,C,C,B,B
621,금호산업,C,B,B+,C
622,대웅,C,C,B+,C
623,넥스트사이언스,C,D,B,C
624,대한화섬,C,B,B+,C
625,동방,C,B,C,C
626,써니전자,C,C,B,B
627,신라교역,C,D,C,B
628,한창,C,D,B,C
629,한국공항,C,D,B,B
630,이수화학,C,B,B,C
631,인스코비,C,B,C,C
632,벽산,C,B,B,C
633,태평양물산,C,D,B+,B
634,서흥,C,C,C,B
635,동양철관,C,C,C,C
636,엔케이물산,C,D,C,C
637,진양폴리우레탄,C,D,C,B
638,태림포장,C,B,C,C
639,신성이엔지,C,C,C,B
640,지엠비코리아,C,C,B,C
641,사조씨푸드,C,D,B,B
642,에이엔피,C,B,C,C
643,광명전기,C,C,C,C
644,인지컨트롤스,C,C,B,C
645,한국단자공업,C,C,B,B
646,동아지질,C,C,C,C
647,성창기업지주,C,D,C,C
648,영풍,C,D,B,D
649,한국주철관공업,C,C,C,B
650,국보,C,B,C,C
651,동양,C,C,C,B
652,한양증권,C,D,B+,C
653,경농,C,B,B+,C
654,범양건영,C,D,C,B
655,신일산업,C,D,C,B
656,삼영무역,C,D,C,C
657,부광약품,C,D,C,B
658,일성신약,C,D,B,B
659,미창석유공업,C,C,C,B
660,보령제약,C,D,B,B
661,엔피씨,C,C,C,C
662,티웨이홀딩스,C,D,B,C
663,성신양회,C,B+,B,C
664,동성화학,C,C,B,B
665,신영와코루,C,D,B,C
666,동부건설,C,C,B,B
667,삼성공조,C,C,C,B
668,에이프로젠KIC,C,C,D,C
669,사조동아원,C,D,C,B
670,일정실업,C,C,C,C
671,경인전자,C,D,C,B
672,한국내화,C,C,B,D
673,화천기계,C,B,B,C
674,성안,C,C,C,B
675,대창,C,B+,B,C
676,한익스프레스,C,B,C,C
677,동원시스템즈,C,B,B,C
678,메디파트너생명공학,C,D,C,C
679,명문제약,C,D,B,B
680,인팩,C,C,C,B
681,제이준코스메틱,C,D,C,B
682,KTB투자증권,C,D,B,C
683,대유플러스,C,C,C,C
684,이화산업,C,C,C,C
685,페이퍼코리아,C,C,B,C
686,상상인증권,C,D,B,C
687,조비,C,D,B,B
688,대한제당,C,C,C,B
689,고려산업,C,C,C,C
690,세기상사,C,D,C,C
691,TCC스틸,C,B,B,C
692,미원상사,C,D,B,B
693,혜인,C,B,C,C
694,태광산업,C,B,B+,D
695,한성기업,C,D,B,C
696,사조대림,C,D,B,B
697,남성,C,D,B,B
698,조광페인트,C,C,B,B
699,휴스틸,C,B,B,C
700,모나미,C,D,C,B
701,원림,C,D,B,C
702,사조오양,C,D,B,C
703,우성사료,C,D,C,C
704,샘표,C,B,B+,C
705,대동전자,C,B,C,C
706,윌비스,C,D,C,C
707,SIMPAC,C,C,B,C
708,한국프랜지공업,C,B,B+,C
709,화신,C,D,B+,B
710,갤럭시아에스엠,C,D,C,C
711,세우글로벌,C,B,C,C
712,대영포장,C,B,C,D
713,성문전자,C,C,B,C
714,큐로,C,B,C,C
715,일진머티리얼즈,C,B,C,C
716,에쓰씨엔지니어링,C,C,B,B
717,한국주강,C,D,C,C
718,동원수산,C,D,B,B
719,노루홀딩스,C,C,B,C
720,화천기공,C,D,C,B
721,대한방직,C,C,C,B+
722,백광산업,C,B,C,D
723,제일연마,C,C,C,B
724,KISCO홀딩스,C,B,B,C
725,삼양통상,C,B,C,D
726,삼익악기,C,D,C,B
727,국제약품,C,D,B,C
728,대유에이텍,C,C,C,C
729,에이프로젠제약,C,D,C,C
730,한국화장품제조,C,D,B,B
731,삼영화학공업,C,B,C,C
732,SG세계물산,C,D,B,C
733,조광피혁,C,D,C,B
734,씨아이테크,C,D,C,C
735,부산주공,C,B,C,C
736,신성통상,C,C,D,C
737,에스엘,C,B,B+,D
738,한국전자홀딩스,C,C,B,C
739,일신석재,C,D,C,B
740,동방아그로,C,D,C,B
741,NI스틸,C,D,C,B
742,아남전자,C,C,C,C
743,삼화전기,C,C,B,B
744,우진아이엔에스,C,C,C,B+
745,퍼스텍,C,B,B,C
746,한농화성,C,C,C,B
747,디와이,C,C,C,B+
748,금강공업,C,C,B,B
749,인디에프,C,D,B,B
750,대현,C,D,C,B
751,세원정공,C,C,B+,D
752,WISCOM,C,C,C,B+
753,동서,C,D,B,C
754,동양네트웍스,C,D,B,D
755,콤텍시스템,C,D,B,C
756,무학,C,B,C,C
757,주연테크,C,C,B,C
758,한세엠케이,C,C,C,B
759,이월드,C,D,C,B
760,기신정기,C,D,B,B
761,쌍방울,C,D,B,C
762,호전실업,C,D,C,B+
763,한국자산신탁,C,D,B,C
764,덴티움,C,D,C,B+
765,현대코퍼레이션홀딩스,C,D,C,B
766,쿠쿠홈시스,C,D,C,C
767,롯데관광개발,C,D,B,C
768,한국토지신탁,C,D,B,C
769,종근당바이오,C,B,C,C
770,DSR제강,C,C,B,C
771,엔케이,C,B,C,C
772,형지엘리트,C,D,B,C
773,이연제약,C,D,B,B
774,락앤락,C,C,B+,C
775,대성산업,C,C,B,C
776,DSR,C,B,B,C
777,샘표식품,C,B,B+,C
778,필룩스,C,C,B,B
779,백산,C,C,B,B
780,세이브존I&C,C,D,B,C
781,유엔젤,C,B,C,C
782,메타랩스,C,D,B,B
783,후성,C,B,C,C
784,일진전기,C,C,B,C
785,우리들휴브레인,C,D,C,B
786,미원화학,C,C,C,C
787,제이에스코퍼레이션,C,D,C,B+
788,미원에스씨,C,C,C,B
789,체시스,C,C,B,C
790,HDC아이콘트롤스,C,D,C,B
791,삼성출판사,C,D,C,B
792,에이블씨엔씨,C,D,B,C
793,디아이씨,C,C,B,C
794,진양홀딩스,C,D,C,C
795,한국철강,C,B+,B,C
796,조선선재,C,D,C,B+
797,시디즈,C,D,C,B
798,디와이파워,C,D,B,B
799,제일약품,C,D,B,B
800,세종공업,C,B,B+,C
801,한미반도체,C,D,C,B
802,휴켐스,C,B,B+,C
803,일진다이아,C,C,B,B
804,KPX홀딩스,C,C,C,B
805,비티원,C,D,B,C
806,미원홀딩스,C,C,C,C
807,에스제이엠,C,C,B,C
808,세화아이엠씨,C,D,C,C
809,토니모리,C,D,C,B+
810,삼양패키징,C,C,B+,C
811,삼천당제약,C,D,B,C
812,동원개발,C,D,C,B
813,아주IB투자,C,D,B,C
814,시그네틱스,C,B+,B,C
815,오스코텍,C,D,C,C
816,코미팜,C,D,B,B
817,에스티큐브,C,D,C,C
818,안트로젠,C,D,C,B+
819,에스모,C,C,C,C
820,로보스타,C,D,C,B
821,코오롱생명과학,C,D,B+,D
822,레고켐바이오,C,D,C,B
823,콜마비앤에이치,C,D,C,B+
824,인크로스,C,D,C,B
825,동진쎄미켐,C,C,B,C
826,큐캐피탈,C,D,B,D
827,에이치엘비,C,D,B,C
828,코웰패션,C,C,B,C
829,디오,C,D,B,B
830,SBS콘텐츠허브,C,D,C,B
831,농우바이오,C,D,C,B+
832,에이치엘비생명과학,C,D,C,C
833,크리스탈,C,D,C,B
834,아미코젠,C,D,C,C
835,티케이케미칼,C,C,B,C
836,녹십자랩셀,C,D,B,B
837,텔콘RF제약,C,D,B,B
838,강스템바이오텍,C,D,C,B
839,서부T&D,C,D,C,B
840,KCC건설,C,C,B,C
841,코엔텍,C,B,D,B
842,KG이니시스,C,D,B,D
843,나노엔텍,C,D,C,B
844,서울반도체,C,B,B+,C
845,CMG제약,C,D,B,C
846,와이엔텍,C,D,C,C
847,차바이오텍,C,D,C,B
848,네오팜,C,D,B,B
849,지트리비앤티,C,D,B,B
850,휴젤,C,C,C,B
851,파멥신,C,D,B,C
852,RFHIC,C,D,C,B
853,네이처셀,C,D,C,C
854,유진기업,C,C,B+,C
855,녹십자셀,C,D,B,B
856,솔브레인,C,C,B,B
857,넥슨지티,C,D,B,C
858,오스템임플란트,C,D,B,C
859,인선이엔티,C,C,C,B
860,다원시스,C,C,B,B
861,동국제약,C,D,B+,D
862,갤럭시아컴즈,C,D,C,B
863,와이지엔터테인먼트,C,D,B,C
864,나노스,C,C,B,C
865,케어젠,C,D,C,B
866,이녹스첨단소재,C,C,B,B
867,대한광통신,C,C,C,B+
868,아난티,C,D,B,D
869,케이엠더블유,C,C,C,B+
870,상상인,C,D,C,C
871,에스엠,C,D,B,D
872,인터플렉스,C,B,B,C
873,드림어스컴퍼니,C,C,B,B
874,셀트리온제약,C,D,C,B
875,메디톡스,C,D,D,B
876,씨젠,C,D,C,C
877,메지온,C,D,C,C
878,엔지켐생명과학,C,D,C,B
879,신라젠,C,D,C,B
880,나우IB,C,D,B,C
881,SG충방,D,C,C,D
882,한일철강,D,D,D,C
883,신원,D,D,C,C
884,유양디앤유,D,C,C,D
885,컨버즈,D,C,C,D
886,KG케미칼,D,C,C,D
887,흥아해운,D,D,C,D
888,대우부품,D,D,C,C
889,부국철강,D,D,C,C
890,금호에이치티,D,D,C,C
891,디아이동일,D,D,C,C
892,태경화학,D,D,C,C
893,삼호개발,D,D,C,C
894,황금에스티,D,D,C,C
895,금양,D,D,C,C
896,사조산업,D,D,C,D
897,삼화전자공업,D,D,C,C
898,진양화학,D,D,C,C
899,신화실업,D,D,C,D
900,F&F,D,D,C,C
901,부산산업,D,D,C,C
902,이아이디,D,D,C,C
903,리더스기술투자,D,D,C,D
904,메이슨캐피탈,D,D,C,D
905,우리기술투자,D,D,C,D
906,젬백스,D,D,C,D
907,비에이치,D,D,C,C
